{
  "students" : [
        {"hakbun" : "1101", "irum" : "한송이", "kor" : 78, "eng" : 87, "mat" : 83, "edp" : 78},
	{"hakbun" : "1102", "irum" : "정다워", "kor" : 88, "eng" : 83, "mat" : 57, "edp" : 98},
	{"hakbun" : "1103", "irum" : "그리운", "kor" : 76, "eng" : 56, "mat" : 87, "edp" : 78},
	{"hakbun" : "1104", "irum" : "고아라", "kor" : 83, "eng" : 57, "mat" : 88, "edp" : 73},
	{"hakbun" : "1105", "irum" : "사랑해", "kor" : 87, "eng" : 87, "mat" : 53, "edp" : 55},
	{"hakbun" : "1106", "irum" : "튼튼이", "kor" : 98, "eng" : 97, "mat" : 93, "edp" : 88},
	{"hakbun" : "1107", "irum" : "한아름", "kor" : 68, "eng" : 67, "mat" : 83, "edp" : 89},
	{"hakbun" : "1108", "irum" : "더크게", "kor" : 98, "eng" : 67, "mat" : 93, "edp" : 78},
	{"hakbun" : "1109", "irum" : "더높이", "kor" : 88, "eng" : 99, "mat" : 53, "edp" : 88},
	{"hakbun" : "1110", "irum" : "아리랑", "kor" : 68, "eng" : 79, "mat" : 63, "edp" : 66},
	{"hakbun" : "1111", "irum" : "한산섬", "kor" : 98, "eng" : 89, "mat" : 73, "edp" : 78},
	{"hakbun" : "1112", "irum" : "하나로", "kor" : 89, "eng" : 97, "mat" : 78, "edp" : 88}
  ]
}